-- MySQL dump 10.13  Distrib 8.0.32, for Linux (x86_64)
--
-- Host: localhost    Database: orion_parking
-- ------------------------------------------------------
-- Server version	8.0.32-0ubuntu0.22.04.2

/*!40101 SET @OLD_CHARACTER_SET_CLIENT=@@CHARACTER_SET_CLIENT */;
/*!40101 SET @OLD_CHARACTER_SET_RESULTS=@@CHARACTER_SET_RESULTS */;
/*!40101 SET @OLD_COLLATION_CONNECTION=@@COLLATION_CONNECTION */;
/*!50503 SET NAMES utf8mb4 */;
/*!40103 SET @OLD_TIME_ZONE=@@TIME_ZONE */;
/*!40103 SET TIME_ZONE='+00:00' */;
/*!40014 SET @OLD_UNIQUE_CHECKS=@@UNIQUE_CHECKS, UNIQUE_CHECKS=0 */;
/*!40014 SET @OLD_FOREIGN_KEY_CHECKS=@@FOREIGN_KEY_CHECKS, FOREIGN_KEY_CHECKS=0 */;
/*!40101 SET @OLD_SQL_MODE=@@SQL_MODE, SQL_MODE='NO_AUTO_VALUE_ON_ZERO' */;
/*!40111 SET @OLD_SQL_NOTES=@@SQL_NOTES, SQL_NOTES=0 */;

--
-- Table structure for table `auth_assignment`
--

DROP TABLE IF EXISTS `auth_assignment`;
/*!40101 SET @saved_cs_client     = @@character_set_client */;
/*!50503 SET character_set_client = utf8mb4 */;
CREATE TABLE `auth_assignment` (
  `item_name` varchar(64) NOT NULL,
  `user_id` varchar(64) NOT NULL,
  `created_at` int DEFAULT NULL,
  PRIMARY KEY (`item_name`,`user_id`),
  KEY `auth_assignment_user_id_idx` (`user_id`),
  CONSTRAINT `auth_assignment_ibfk_1` FOREIGN KEY (`item_name`) REFERENCES `auth_item` (`name`) ON DELETE CASCADE ON UPDATE CASCADE
) ENGINE=InnoDB DEFAULT CHARSET=utf8mb4 COLLATE=utf8mb4_0900_ai_ci;
/*!40101 SET character_set_client = @saved_cs_client */;

--
-- Dumping data for table `auth_assignment`
--

LOCK TABLES `auth_assignment` WRITE;
/*!40000 ALTER TABLE `auth_assignment` DISABLE KEYS */;
INSERT INTO `auth_assignment` VALUES ('moderator','1',1676785124),('moderator','2',1676784230),('moderator','4',1676714280),('moderator','5',1676714234),('tenant','3',1676201963),('tenant','6',1676227381);
/*!40000 ALTER TABLE `auth_assignment` ENABLE KEYS */;
UNLOCK TABLES;

--
-- Table structure for table `auth_item`
--

DROP TABLE IF EXISTS `auth_item`;
/*!40101 SET @saved_cs_client     = @@character_set_client */;
/*!50503 SET character_set_client = utf8mb4 */;
CREATE TABLE `auth_item` (
  `name` varchar(64) NOT NULL,
  `type` smallint NOT NULL,
  `description` text,
  `rule_name` varchar(64) DEFAULT NULL,
  `data` blob,
  `created_at` int DEFAULT NULL,
  `updated_at` int DEFAULT NULL,
  PRIMARY KEY (`name`),
  KEY `rule_name` (`rule_name`),
  KEY `type` (`type`),
  CONSTRAINT `auth_item_ibfk_1` FOREIGN KEY (`rule_name`) REFERENCES `auth_rule` (`name`) ON DELETE SET NULL ON UPDATE CASCADE
) ENGINE=InnoDB DEFAULT CHARSET=utf8mb4 COLLATE=utf8mb4_0900_ai_ci;
/*!40101 SET character_set_client = @saved_cs_client */;

--
-- Dumping data for table `auth_item`
--

LOCK TABLES `auth_item` WRITE;
/*!40000 ALTER TABLE `auth_item` DISABLE KEYS */;
INSERT INTO `auth_item` VALUES ('admin',1,'Adminstrator',NULL,NULL,1676191417,1676657697),('BrowseEmployee',2,'Обзор сотрудника',NULL,NULL,1677368695,1677368695),('BrowseSettings',2,'Обзор настроек',NULL,NULL,1677368695,1677368695),('BrowseTenant',2,'Обзор арендатора',NULL,NULL,1677368695,1677368695),('BrowseUser',2,'Обзор пользователя',NULL,NULL,1677368695,1677368695),('BrowseYourEmployee',2,'Обзор свою сотрудника','is_same_company',NULL,1677368695,1677368695),('CreateEmployee',2,'Создать сотрудника',NULL,NULL,1677368695,1677368695),('CreateTenant',2,'Создать арендатора',NULL,NULL,1677368695,1677368695),('CreateUser',2,'Создать пользователя',NULL,NULL,1677368695,1677368695),('CreateYourEmployee',2,'Создать свою сотрудника','is_same_company',NULL,1677368695,1677368695),('DeleteEmployee',2,'Удалить сотрудника',NULL,NULL,1677368695,1677368695),('DeleteTenant',2,'Удалить арендатора',NULL,NULL,1677368695,1677368695),('DeleteUser',2,'Удалить пользователя',NULL,NULL,1677368695,1677368695),('DeleteYourEmployee',2,'Удалить свою сотрудника','is_same_company',NULL,1677368695,1677368695),('moderator',1,'Moderator',NULL,NULL,1676191417,1676657705),('security',1,'oxranik',NULL,NULL,1676206200,1676657726),('tenant',1,'Arendator',NULL,NULL,1676191417,1676657713),('UpdateEmployee',2,'Изменить сотрудника',NULL,NULL,1677368695,1677368695),('UpdateSettings',2,'Изменить настроек',NULL,NULL,1677368695,1677368695),('UpdateTenant',2,'Изменить арендатора',NULL,NULL,1677368695,1677368695),('UpdateUser',2,'Изменить пользователя',NULL,NULL,1677368695,1677368695),('UpdateYourEmployee',2,'Изменить свою сотрудника','is_same_company',NULL,1677368695,1677368695);
/*!40000 ALTER TABLE `auth_item` ENABLE KEYS */;
UNLOCK TABLES;

--
-- Table structure for table `auth_item_child`
--

DROP TABLE IF EXISTS `auth_item_child`;
/*!40101 SET @saved_cs_client     = @@character_set_client */;
/*!50503 SET character_set_client = utf8mb4 */;
CREATE TABLE `auth_item_child` (
  `parent` varchar(64) NOT NULL,
  `child` varchar(64) NOT NULL,
  PRIMARY KEY (`parent`,`child`),
  KEY `child` (`child`),
  CONSTRAINT `auth_item_child_ibfk_1` FOREIGN KEY (`parent`) REFERENCES `auth_item` (`name`) ON DELETE CASCADE ON UPDATE CASCADE,
  CONSTRAINT `auth_item_child_ibfk_2` FOREIGN KEY (`child`) REFERENCES `auth_item` (`name`) ON DELETE CASCADE ON UPDATE CASCADE
) ENGINE=InnoDB DEFAULT CHARSET=utf8mb4 COLLATE=utf8mb4_0900_ai_ci;
/*!40101 SET character_set_client = @saved_cs_client */;

--
-- Dumping data for table `auth_item_child`
--

LOCK TABLES `auth_item_child` WRITE;
/*!40000 ALTER TABLE `auth_item_child` DISABLE KEYS */;
/*!40000 ALTER TABLE `auth_item_child` ENABLE KEYS */;
UNLOCK TABLES;

--
-- Table structure for table `auth_rule`
--

DROP TABLE IF EXISTS `auth_rule`;
/*!40101 SET @saved_cs_client     = @@character_set_client */;
/*!50503 SET character_set_client = utf8mb4 */;
CREATE TABLE `auth_rule` (
  `name` varchar(64) NOT NULL,
  `data` blob,
  `created_at` int DEFAULT NULL,
  `updated_at` int DEFAULT NULL,
  PRIMARY KEY (`name`)
) ENGINE=InnoDB DEFAULT CHARSET=utf8mb4 COLLATE=utf8mb4_0900_ai_ci;
/*!40101 SET character_set_client = @saved_cs_client */;

--
-- Dumping data for table `auth_rule`
--

LOCK TABLES `auth_rule` WRITE;
/*!40000 ALTER TABLE `auth_rule` DISABLE KEYS */;
INSERT INTO `auth_rule` VALUES ('is_same_company',_binary 'O:22:\"common\\rbac\\TenantRule\":3:{s:4:\"name\";s:15:\"is_same_company\";s:9:\"createdAt\";i:1677368695;s:9:\"updatedAt\";i:1677368695;}',1677368695,1677368695);
/*!40000 ALTER TABLE `auth_rule` ENABLE KEYS */;
UNLOCK TABLES;

--
-- Table structure for table `car`
--

DROP TABLE IF EXISTS `car`;
/*!40101 SET @saved_cs_client     = @@character_set_client */;
/*!50503 SET character_set_client = utf8mb4 */;
CREATE TABLE `car` (
  `id` int NOT NULL AUTO_INCREMENT,
  `car_number` varchar(255) NOT NULL,
  `description` varchar(255) DEFAULT NULL,
  `created_at` int NOT NULL,
  `updated_at` int NOT NULL,
  `created_by` int NOT NULL,
  `deleted_at` int DEFAULT NULL,
  PRIMARY KEY (`id`)
) ENGINE=InnoDB AUTO_INCREMENT=16 DEFAULT CHARSET=utf8mb4 COLLATE=utf8mb4_0900_ai_ci;
/*!40101 SET character_set_client = @saved_cs_client */;

--
-- Dumping data for table `car`
--

LOCK TABLES `car` WRITE;
/*!40000 ALTER TABLE `car` DISABLE KEYS */;
INSERT INTO `car` VALUES (1,'AB123CD','Nussa',1674926784,1674926784,1,NULL),(2,'456564','',1674927512,1674927512,1,NULL),(3,'456564','',1674927550,1674927550,1,NULL),(4,'4565644','',1674927579,1674927579,1,NULL),(5,'4565644','',1674927610,1674927610,1,NULL),(6,'4565644','',1674927915,1674927915,1,NULL),(7,'usa999la','black chevrole veyron ',1674928533,1674928533,1,NULL),(8,'usa911la','',1674928852,1674928852,1,NULL),(9,'А654АА771','car white bmw x6 ',1674931453,1675785553,1,NULL),(10,'AA777BB','Black bmx x7',1675131770,1675131788,1,NULL),(11,'C453АА777','',1675291798,1675785522,1,NULL),(12,'А653BА777','',1675291831,1675785570,1,NULL),(13,'А653АА377','',1675291888,1675785573,1,NULL),(14,'А653АА777','',1675292150,1675785486,1,NULL),(15,'А653АА117','',1675296372,1675785548,1,NULL);
/*!40000 ALTER TABLE `car` ENABLE KEYS */;
UNLOCK TABLES;

--
-- Table structure for table `employee`
--

DROP TABLE IF EXISTS `employee`;
/*!40101 SET @saved_cs_client     = @@character_set_client */;
/*!50503 SET character_set_client = utf8mb4 */;
CREATE TABLE `employee` (
  `id` int NOT NULL AUTO_INCREMENT,
  `created_at` int NOT NULL,
  `updated_at` int NOT NULL,
  `created_by` int NOT NULL,
  `deleted_at` int DEFAULT NULL,
  `tenant_id` int NOT NULL,
  `created_at_string` varchar(10) DEFAULT NULL,
  PRIMARY KEY (`id`)
) ENGINE=InnoDB AUTO_INCREMENT=39 DEFAULT CHARSET=utf8mb4 COLLATE=utf8mb4_0900_ai_ci;
/*!40101 SET character_set_client = @saved_cs_client */;

--
-- Dumping data for table `employee`
--

LOCK TABLES `employee` WRITE;
/*!40000 ALTER TABLE `employee` DISABLE KEYS */;
INSERT INTO `employee` VALUES (32,1675124862,1675699153,1,NULL,2,'31-01-2023'),(34,1674952073,1675699122,1,NULL,2,'29-01-2023'),(35,1674865683,1675699170,1,NULL,2,'28-01-2023'),(36,1674433693,1675699173,1,NULL,2,'23-01-2023'),(37,1675292150,1675699086,1,NULL,3,NULL),(38,1675211305,1675699148,1,NULL,2,'01-02-2023');
/*!40000 ALTER TABLE `employee` ENABLE KEYS */;
UNLOCK TABLES;

--
-- Table structure for table `migration`
--

DROP TABLE IF EXISTS `migration`;
/*!40101 SET @saved_cs_client     = @@character_set_client */;
/*!50503 SET character_set_client = utf8mb4 */;
CREATE TABLE `migration` (
  `version` varchar(180) NOT NULL,
  `apply_time` int DEFAULT NULL,
  PRIMARY KEY (`version`)
) ENGINE=InnoDB DEFAULT CHARSET=utf8mb4 COLLATE=utf8mb4_0900_ai_ci;
/*!40101 SET character_set_client = @saved_cs_client */;

--
-- Dumping data for table `migration`
--

LOCK TABLES `migration` WRITE;
/*!40000 ALTER TABLE `migration` DISABLE KEYS */;
INSERT INTO `migration` VALUES ('m000000_000000_base',1674374342),('m130524_201442_init',1674374357),('m140506_102106_rbac_init',1674401970),('m170907_052038_rbac_add_index_on_auth_assignment_user_id',1674401970),('m180523_151638_rbac_updates_indexes_without_prefix',1674401970),('m190124_110200_add_verification_token_column_to_user_table',1674374357),('m200409_110543_rbac_update_mssql_trigger',1674401970),('m230122_124847_profile',1674409958),('m230122_125813_tenant',1674409958),('m230122_130018_user_parking',1674409958),('m230122_130845_car',1674409958),('m230122_130904_user_car',1674409958),('m230122_162356_employee',1674409958),('m230122_164321_parking_history',1674409958);
/*!40000 ALTER TABLE `migration` ENABLE KEYS */;
UNLOCK TABLES;

--
-- Table structure for table `parking_history`
--

DROP TABLE IF EXISTS `parking_history`;
/*!40101 SET @saved_cs_client     = @@character_set_client */;
/*!50503 SET character_set_client = utf8mb4 */;
CREATE TABLE `parking_history` (
  `id` int NOT NULL AUTO_INCREMENT,
  `car_id` int NOT NULL,
  `action_type` varchar(9) DEFAULT NULL,
  `action_date` int NOT NULL,
  `enter_date` int NOT NULL DEFAULT '0',
  `exit_date` int NOT NULL DEFAULT '0',
  PRIMARY KEY (`id`)
) ENGINE=InnoDB AUTO_INCREMENT=190 DEFAULT CHARSET=utf8mb4 COLLATE=utf8mb4_0900_ai_ci;
/*!40101 SET character_set_client = @saved_cs_client */;

--
-- Dumping data for table `parking_history`
--

LOCK TABLES `parking_history` WRITE;
/*!40000 ALTER TABLE `parking_history` DISABLE KEYS */;
INSERT INTO `parking_history` VALUES (1,8,NULL,1675600128,1675427328,1675492128),(2,15,NULL,1675600128,1674822528,1674887328),(3,1,NULL,1675600128,1675254528,1675276128),(4,10,NULL,1675600128,1675427328,1675470528),(5,9,NULL,1675600128,1674995328,1675081728),(6,1,NULL,1675600128,1675340928,1675362528),(7,10,NULL,1675600128,1674822528,1674887328),(8,4,NULL,1675600128,1675168128,1675211328),(9,4,NULL,1675600128,1674822528,1674865728),(10,14,NULL,1675600128,1675513728,1675535328),(11,2,NULL,1675600128,1675427328,1675492128),(12,12,NULL,1675600128,1674822528,1674865728),(13,8,NULL,1675600128,1675513728,1675578528),(14,10,NULL,1675600128,1675168128,1675189728),(15,4,NULL,1675600128,1675254528,1675276128),(16,10,NULL,1675600128,1674995328,1675016928),(17,14,NULL,1675600128,1675513728,1675556928),(18,6,NULL,1675600128,1674908928,1674973728),(19,4,NULL,1675600128,1675427328,1675448928),(20,13,NULL,1675600128,1675168128,1675232928),(21,15,NULL,1675649039,1675476239,1675562639),(22,14,NULL,1675649050,1675476250,1675562650),(23,13,NULL,1675649055,1675476255,1675562655),(24,12,NULL,1675649062,1675476262,1675562662),(25,15,NULL,1675649080,1675389880,1675476280),(26,14,NULL,1675649084,1675389884,1675476284),(27,13,NULL,1675649088,1675389888,1675476288),(28,13,NULL,1675649106,1675217106,1675303506),(29,14,NULL,1675649110,1675217110,1675303510),(30,15,NULL,1675649113,1675217113,1675303513),(31,12,NULL,1675649117,1675217117,1675303517),(32,11,NULL,1675649120,1675217120,1675303520),(33,10,NULL,1675649123,1675217123,1675303523),(34,10,NULL,1675649138,1675217138,1675303538),(35,10,NULL,1675649142,1675217142,1675303542),(36,10,NULL,1675649148,1675217148,1675303548),(37,10,NULL,1675649173,1675130773,1675217173),(38,11,NULL,1675649176,1675130776,1675217176),(39,12,NULL,1675649180,1675130780,1675217180),(40,13,NULL,1675649183,1675130783,1675217183),(41,14,NULL,1675649187,1675130787,1675217187),(42,15,NULL,1675649190,1675130790,1675217190),(43,9,NULL,1675649194,1675130794,1675217194),(44,8,NULL,1675649198,1675130798,1675217198),(45,8,NULL,1675649203,1675130803,1675217203),(46,8,NULL,1675649209,1675130809,1675217209),(47,7,NULL,1675649214,1675130814,1675217214),(48,7,NULL,1675649217,1675130817,1675217217),(49,7,NULL,1675649222,1675130822,1675217222),(50,7,NULL,1675649298,1675649298,1675649298),(51,7,NULL,1675649298,1675627698,1675627698),(52,7,NULL,1675649298,1675606098,1675606098),(53,7,NULL,1675649298,1675584498,1675584498),(54,7,NULL,1675649298,1675562898,1675562898),(55,7,NULL,1675649298,1675541298,1675541298),(56,7,NULL,1675649298,1675519698,1675519698),(57,7,NULL,1675649298,1675498098,1675498098),(58,7,NULL,1675649298,1675476498,1675476498),(59,7,NULL,1675649298,1675454898,1675454898),(60,7,NULL,1675649298,1675433298,1675433298),(61,7,NULL,1675649298,1675411698,1675411698),(62,7,NULL,1675649298,1675390098,1675390098),(63,7,NULL,1675649298,1675368498,1675368498),(64,7,NULL,1675649298,1675346898,1675346898),(65,7,NULL,1675649298,1675325298,1675325298),(66,7,NULL,1675649298,1675303698,1675303698),(67,7,NULL,1675649298,1675282098,1675282098),(68,7,NULL,1675649298,1675260498,1675260498),(69,7,NULL,1675649298,1675238898,1675238898),(70,7,NULL,1675649314,1675649314,1675649314),(71,7,NULL,1675649314,1675627714,1675627714),(72,7,NULL,1675649314,1675606114,1675606114),(73,7,NULL,1675649314,1675584514,1675584514),(74,7,NULL,1675649314,1675562914,1675562914),(75,7,NULL,1675649314,1675541314,1675541314),(76,7,NULL,1675649314,1675519714,1675519714),(77,7,NULL,1675649314,1675498114,1675498114),(78,7,NULL,1675649314,1675476514,1675476514),(79,7,NULL,1675649314,1675454914,1675454914),(80,7,NULL,1675649314,1675433314,1675433314),(81,7,NULL,1675649314,1675411714,1675411714),(82,7,NULL,1675649314,1675390114,1675390114),(83,7,NULL,1675649314,1675368514,1675368514),(84,7,NULL,1675649314,1675346914,1675346914),(85,7,NULL,1675649314,1675325314,1675325314),(86,7,NULL,1675649314,1675303714,1675303714),(87,7,NULL,1675649314,1675282114,1675282114),(88,7,NULL,1675649314,1675260514,1675260514),(89,7,NULL,1675649314,1675238914,1675238914),(90,7,NULL,1675649317,1675649317,1675649317),(91,7,NULL,1675649317,1675627717,1675627717),(92,7,NULL,1675649317,1675606117,1675606117),(93,7,NULL,1675649317,1675584517,1675584517),(94,7,NULL,1675649317,1675562917,1675562917),(95,7,NULL,1675649317,1675541317,1675541317),(96,7,NULL,1675649317,1675519717,1675519717),(97,7,NULL,1675649317,1675498117,1675498117),(98,7,NULL,1675649317,1675476517,1675476517),(99,7,NULL,1675649317,1675454917,1675454917),(100,7,NULL,1675649317,1675433317,1675433317),(101,7,NULL,1675649317,1675411717,1675411717),(102,7,NULL,1675649317,1675390117,1675390117),(103,7,NULL,1675649317,1675368517,1675368517),(104,7,NULL,1675649317,1675346917,1675346917),(105,7,NULL,1675649317,1675325317,1675325317),(106,7,NULL,1675649317,1675303717,1675303717),(107,7,NULL,1675649317,1675282117,1675282117),(108,7,NULL,1675649317,1675260517,1675260517),(109,7,NULL,1675649317,1675238917,1675238917),(110,7,NULL,1675649320,1675649320,1675649320),(111,7,NULL,1675649320,1675627720,1675627720),(112,7,NULL,1675649320,1675606120,1675606120),(113,7,NULL,1675649320,1675584520,1675584520),(114,7,NULL,1675649320,1675562920,1675562920),(115,7,NULL,1675649320,1675541320,1675541320),(116,7,NULL,1675649320,1675519720,1675519720),(117,7,NULL,1675649320,1675498120,1675498120),(118,7,NULL,1675649320,1675476520,1675476520),(119,7,NULL,1675649320,1675454920,1675454920),(120,7,NULL,1675649320,1675433320,1675433320),(121,7,NULL,1675649320,1675411720,1675411720),(122,7,NULL,1675649320,1675390120,1675390120),(123,7,NULL,1675649320,1675368520,1675368520),(124,7,NULL,1675649320,1675346920,1675346920),(125,7,NULL,1675649320,1675325320,1675325320),(126,7,NULL,1675649320,1675303720,1675303720),(127,7,NULL,1675649320,1675282120,1675282120),(128,7,NULL,1675649320,1675260520,1675260520),(129,7,NULL,1675649320,1675238920,1675238920),(130,14,NULL,1675649343,1675649343,1675649343),(131,10,NULL,1675649343,1675627743,1675627743),(132,10,NULL,1675649343,1675606143,1675606143),(133,15,NULL,1675649343,1675584543,1675584543),(134,9,NULL,1675649343,1675562943,1675562943),(135,15,NULL,1675649343,1675541343,1675541343),(136,10,NULL,1675649343,1675519743,1675519743),(137,13,NULL,1675649343,1675498143,1675498143),(138,13,NULL,1675649343,1675476543,1675476543),(139,13,NULL,1675649343,1675454943,1675454943),(140,11,NULL,1675649343,1675433343,1675433343),(141,13,NULL,1675649343,1675411743,1675411743),(142,15,NULL,1675649343,1675390143,1675390143),(143,13,NULL,1675649343,1675368543,1675368543),(144,10,NULL,1675649343,1675346943,1675346943),(145,10,NULL,1675649343,1675325343,1675325343),(146,10,NULL,1675649343,1675303743,1675303743),(147,11,NULL,1675649343,1675282143,1675282143),(148,11,NULL,1675649343,1675260543,1675260543),(149,14,NULL,1675649343,1675238943,1675238943),(150,14,NULL,1675649351,1675649351,1675649351),(151,14,NULL,1675649351,1675627751,1675627751),(152,14,NULL,1675649351,1675606151,1675606151),(153,14,NULL,1675649351,1675584551,1675584551),(154,14,NULL,1675649351,1675562951,1675562951),(155,12,NULL,1675649351,1675541351,1675541351),(156,11,NULL,1675649351,1675519751,1675519751),(157,9,NULL,1675649351,1675498151,1675498151),(158,15,NULL,1675649351,1675476551,1675476551),(159,11,NULL,1675649351,1675454951,1675454951),(160,11,NULL,1675649351,1675433351,1675433351),(161,11,NULL,1675649351,1675411751,1675411751),(162,9,NULL,1675649351,1675390151,1675390151),(163,12,NULL,1675649351,1675368551,1675368551),(164,13,NULL,1675649351,1675346951,1675346951),(165,11,NULL,1675649351,1675325351,1675325351),(166,13,NULL,1675649351,1675303751,1675303751),(167,12,NULL,1675649351,1675282151,1675282151),(168,15,NULL,1675649351,1675260551,1675260551),(169,14,NULL,1675649351,1675238951,1675238951),(170,13,NULL,1675649355,1675649355,1675649355),(171,11,NULL,1675649355,1675627755,1675627755),(172,11,NULL,1675649355,1675606155,1675606155),(173,11,NULL,1675649355,1675584555,1675584555),(174,15,NULL,1675649355,1675562955,1675562955),(175,13,NULL,1675649355,1675541355,1675541355),(176,11,NULL,1675649355,1675519755,1675519755),(177,12,NULL,1675649355,1675498155,1675498155),(178,14,NULL,1675649355,1675476555,1675476555),(179,14,NULL,1675649355,1675454955,1675454955),(180,10,NULL,1675649355,1675433355,1675433355),(181,14,NULL,1675649355,1675411755,1675411755),(182,12,NULL,1675649355,1675390155,1675390155),(183,13,NULL,1675649355,1675368555,1675368555),(184,14,NULL,1675649355,1675346955,1675346955),(185,13,NULL,1675649355,1675325355,1675325355),(186,12,NULL,1675649355,1675303755,1675303755),(187,15,NULL,1675649355,1675282155,1675282155),(188,11,NULL,1675649355,1675260555,1675260555),(189,10,NULL,1675649355,1675238955,1675238955);
/*!40000 ALTER TABLE `parking_history` ENABLE KEYS */;
UNLOCK TABLES;

--
-- Table structure for table `profile`
--

DROP TABLE IF EXISTS `profile`;
/*!40101 SET @saved_cs_client     = @@character_set_client */;
/*!50503 SET character_set_client = utf8mb4 */;
CREATE TABLE `profile` (
  `id` int NOT NULL AUTO_INCREMENT,
  `user_id` int NOT NULL,
  `last_name` varchar(255) NOT NULL,
  `patronymic` varchar(255) NOT NULL,
  `phone_number` varchar(255) DEFAULT NULL,
  `user_type` varchar(8) NOT NULL DEFAULT 'user',
  `name` varchar(255) DEFAULT NULL,
  PRIMARY KEY (`id`)
) ENGINE=InnoDB AUTO_INCREMENT=37 DEFAULT CHARSET=utf8mb4 COLLATE=utf8mb4_0900_ai_ci;
/*!40101 SET character_set_client = @saved_cs_client */;

--
-- Dumping data for table `profile`
--

LOCK TABLES `profile` WRITE;
/*!40000 ALTER TABLE `profile` DISABLE KEYS */;
INSERT INTO `profile` VALUES (1,3,'Polatov','Rixsitilla ogli',NULL,'employee','Farkhod'),(2,4,'Polatov2','Rixsitilla ogli2',NULL,'employee','Farkhod2'),(3,5,'Polatov3','Rixsitilla ogli3',NULL,'employee','Farkhod3'),(4,6,'Polatov3','Rixsitilla ogli3',NULL,'employee','Farkhod3'),(5,7,'Polatov3','Rixsitilla ogli3',NULL,'employee','Farkhod3'),(6,8,'Polatov3','Rixsitilla ogli3',NULL,'employee','Farkhod3'),(7,9,'Polatov3','Rixsitilla ogli3',NULL,'employee','Farkhod3'),(8,10,'Polatov3','Rixsitilla ogli3',NULL,'employee','Farkhod3'),(9,11,'Polatov3','Rixsitilla ogli3',NULL,'employee','Farkhod3'),(10,12,'Polatov3','Rixsitilla ogli3',NULL,'employee','Farkhod3'),(11,13,'Polatov3','Rixsitilla ogli3',NULL,'employee','Farkhod3'),(12,14,'Polatov3','Rixsitilla ogli3',NULL,'employee','Farkhod3'),(13,15,'Polatov53','Rixsitilla ogli53',NULL,'employee','Farkhod53'),(14,16,'Polatov53','Rixsitilla ogli53',NULL,'employee','Farkhod53'),(15,17,'Polatov53','Rixsitilla ogli53',NULL,'employee','Farkhod53'),(16,22,'Nussa','Nussa','998003867','employee','Nussa'),(17,25,'sad','sad','5646546','employee','asd'),(18,26,'sad','sad','5646546','employee','asd'),(19,27,'sad34','sad34','5646546','employee','asd34'),(20,28,'sad34','sad34','5646546','employee','asd34'),(21,29,'English','sad34','5646546','employee','Johny'),(22,30,'Costly','Costly','123456789','employee','Adim'),(23,31,'Curly','Curly','123456789','employee','Mike'),(24,32,'Иванов ','Иван','555556733474','employee','Иван'),(25,33,'Polatov','Rixsitilla ogli','1234567','employee','Farkhod'),(26,34,'Сергеев','Сергей','1234567','employee','Сергей'),(27,35,'Иванова ','Сергей','','employee','Ольга'),(28,36,'Вронский','Кириллович','','employee','Алексей '),(29,37,'Лёвин','Дмитриевич','','employee','Константин '),(30,38,'Каренин','Александрович','','employee','Алексей '),(31,1,'Ростов','Ильич','123456789','user','Николай'),(32,2,'Болконский','Андреевич','223456789','user','Николай'),(33,3,'Долохова','Ивановна','223456789','user','Марья'),(34,4,'Денисов','Дмитриевич','123456789','user','Василий   '),(35,5,'Долохов ','Иванович','123456789','user','Фёдор  '),(36,6,' Болконская',' Карловна','123456789','user','Елизавета');
/*!40000 ALTER TABLE `profile` ENABLE KEYS */;
UNLOCK TABLES;

--
-- Table structure for table `tenant`
--

DROP TABLE IF EXISTS `tenant`;
/*!40101 SET @saved_cs_client     = @@character_set_client */;
/*!50503 SET character_set_client = utf8mb4 */;
CREATE TABLE `tenant` (
  `id` int NOT NULL AUTO_INCREMENT,
  `tenant_name` varchar(255) NOT NULL,
  `tin` varchar(255) DEFAULT NULL,
  `bic` varchar(255) DEFAULT NULL,
  `checking_account` varchar(255) DEFAULT NULL,
  `address` text,
  `bank_name` text,
  `cost_per_hour` text,
  `allocated_spaces_count` int DEFAULT NULL,
  `created_at` int NOT NULL,
  `updated_at` int NOT NULL,
  `created_by` int NOT NULL,
  `deleted_at` int DEFAULT NULL,
  `created_at_string` varchar(8) DEFAULT NULL,
  PRIMARY KEY (`id`)
) ENGINE=InnoDB AUTO_INCREMENT=4 DEFAULT CHARSET=utf8mb4 COLLATE=utf8mb4_0900_ai_ci;
/*!40101 SET character_set_client = @saved_cs_client */;

--
-- Dumping data for table `tenant`
--

LOCK TABLES `tenant` WRITE;
/*!40000 ALTER TABLE `tenant` DISABLE KEYS */;
INSERT INTO `tenant` VALUES (2,'OOO «Вымпел»','7684567891011','BIC4121567','578135678989897523','Address st35 home 23','NBU','1',90,1674420028,1675785150,1,NULL,NULL),(3,'ОАО «Петро Парк»','1234567891011','BIC4121563','345412356789347523','Address New streat 11','SOME','1',120,1674695205,1675785166,1,NULL,NULL);
/*!40000 ALTER TABLE `tenant` ENABLE KEYS */;
UNLOCK TABLES;

--
-- Table structure for table `user`
--

DROP TABLE IF EXISTS `user`;
/*!40101 SET @saved_cs_client     = @@character_set_client */;
/*!50503 SET character_set_client = utf8mb4 */;
CREATE TABLE `user` (
  `id` int NOT NULL AUTO_INCREMENT,
  `username` varchar(255) COLLATE utf8mb3_unicode_ci NOT NULL,
  `auth_key` varchar(32) COLLATE utf8mb3_unicode_ci NOT NULL,
  `password_hash` varchar(255) COLLATE utf8mb3_unicode_ci NOT NULL,
  `password_reset_token` varchar(255) COLLATE utf8mb3_unicode_ci DEFAULT NULL,
  `email` varchar(255) COLLATE utf8mb3_unicode_ci NOT NULL,
  `status` smallint NOT NULL DEFAULT '10',
  `created_at` int NOT NULL,
  `updated_at` int NOT NULL,
  `verification_token` varchar(255) COLLATE utf8mb3_unicode_ci DEFAULT NULL,
  `tenant_id` int DEFAULT '0',
  PRIMARY KEY (`id`),
  UNIQUE KEY `username` (`username`),
  UNIQUE KEY `email` (`email`),
  UNIQUE KEY `password_reset_token` (`password_reset_token`)
) ENGINE=InnoDB AUTO_INCREMENT=7 DEFAULT CHARSET=utf8mb3 COLLATE=utf8mb3_unicode_ci;
/*!40101 SET character_set_client = @saved_cs_client */;

--
-- Dumping data for table `user`
--

LOCK TABLES `user` WRITE;
/*!40000 ALTER TABLE `user` DISABLE KEYS */;
INSERT INTO `user` VALUES (1,'admin','iIjcR1IWEubepm8Xqye1YkzPM3zh0r9A','$2y$13$5AcG9M8W0AC1gQ7MfqIT7.QyQTgozjbNq.NNQi3lkMhsAq6Wm5lGa',NULL,'admin@mail.loc',10,1675567293,1676699669,NULL,0),(2,'moderator','LPKqSzBzFOgG_u22avvvAesW24vVU1Zc','$2y$13$Lp1URdr4xHyEU/nnsfDxt.3uMQmk3mUfk.wwcnKS0p6l2eTa1yAFG',NULL,'moderator@mail.loc',10,1675567294,1676699600,NULL,0),(3,'tenant','9t22EyCVn3osFQJe7MskZUdOl5JucVIX','$2y$13$CbOIVPoLyRXUwVJ7MTmye.4sDLMnaKV3.tpYdTvZnM9gO.dd12i7G',NULL,'tenant@mail.loc',10,1675567294,1675567294,NULL,0),(4,'vasiliy','VlfVV3yrx97IP8a8jc8Wz6656vpvms7z','$2y$13$.8hlYjJakszMHuAN7jiyt.kHgPCGSkpuUf6dHEkVd/2UMEzkqwf6a',NULL,'vasiliy@email.com',10,1676225656,1676225656,NULL,1);
/*!40000 ALTER TABLE `user` ENABLE KEYS */;
UNLOCK TABLES;

--
-- Table structure for table `user_car`
--

DROP TABLE IF EXISTS `user_car`;
/*!40101 SET @saved_cs_client     = @@character_set_client */;
/*!50503 SET character_set_client = utf8mb4 */;
CREATE TABLE `user_car` (
  `id` int NOT NULL AUTO_INCREMENT,
  `user_id` int NOT NULL,
  `car_id` int NOT NULL,
  `user_type` varchar(8) NOT NULL DEFAULT 'user',
  PRIMARY KEY (`id`)
) ENGINE=InnoDB AUTO_INCREMENT=16 DEFAULT CHARSET=utf8mb4 COLLATE=utf8mb4_0900_ai_ci;
/*!40101 SET character_set_client = @saved_cs_client */;

--
-- Dumping data for table `user_car`
--

LOCK TABLES `user_car` WRITE;
/*!40000 ALTER TABLE `user_car` DISABLE KEYS */;
INSERT INTO `user_car` VALUES (1,22,1,'employee'),(2,25,2,'employee'),(3,26,3,'employee'),(4,27,4,'employee'),(5,28,5,'employee'),(6,29,6,'employee'),(7,30,7,'employee'),(8,31,8,'employee'),(9,32,9,'employee'),(10,33,10,'employee'),(11,34,11,'employee'),(12,35,12,'employee'),(13,36,13,'employee'),(14,37,14,'employee'),(15,38,15,'employee');
/*!40000 ALTER TABLE `user_car` ENABLE KEYS */;
UNLOCK TABLES;

--
-- Table structure for table `user_parking`
--

DROP TABLE IF EXISTS `user_parking`;
/*!40101 SET @saved_cs_client     = @@character_set_client */;
/*!50503 SET character_set_client = utf8mb4 */;
CREATE TABLE `user_parking` (
  `id` int NOT NULL AUTO_INCREMENT,
  `user_id` int NOT NULL,
  `start_date` int NOT NULL,
  `end_date` int NOT NULL,
  `user_type` varchar(8) NOT NULL DEFAULT 'user',
  `created_at` int NOT NULL,
  `updated_at` int NOT NULL,
  `deleted_at` int DEFAULT NULL,
  PRIMARY KEY (`id`)
) ENGINE=InnoDB AUTO_INCREMENT=8 DEFAULT CHARSET=utf8mb4 COLLATE=utf8mb4_0900_ai_ci;
/*!40101 SET character_set_client = @saved_cs_client */;

--
-- Dumping data for table `user_parking`
--

LOCK TABLES `user_parking` WRITE;
/*!40000 ALTER TABLE `user_parking` DISABLE KEYS */;
INSERT INTO `user_parking` VALUES (1,32,1673395200,1675123200,'employee',1674931453,1674931453,NULL),(2,33,1674432000,1677110400,'employee',1675131770,1675131770,NULL),(3,34,1675209600,1677542400,'employee',1675291798,1675291798,NULL),(4,35,1675296000,1677542400,'employee',1675291831,1675291831,NULL),(5,36,1675296000,1677456000,'employee',1675291888,1675291888,NULL),(6,37,1675209600,1677542400,'employee',1675292150,1675292150,NULL),(7,38,1675209600,1677542400,'employee',1675296372,1675296372,NULL);
/*!40000 ALTER TABLE `user_parking` ENABLE KEYS */;
UNLOCK TABLES;
/*!40103 SET TIME_ZONE=@OLD_TIME_ZONE */;

/*!40101 SET SQL_MODE=@OLD_SQL_MODE */;
/*!40014 SET FOREIGN_KEY_CHECKS=@OLD_FOREIGN_KEY_CHECKS */;
/*!40014 SET UNIQUE_CHECKS=@OLD_UNIQUE_CHECKS */;
/*!40101 SET CHARACTER_SET_CLIENT=@OLD_CHARACTER_SET_CLIENT */;
/*!40101 SET CHARACTER_SET_RESULTS=@OLD_CHARACTER_SET_RESULTS */;
/*!40101 SET COLLATION_CONNECTION=@OLD_COLLATION_CONNECTION */;
/*!40111 SET SQL_NOTES=@OLD_SQL_NOTES */;

-- Dump completed on 2023-02-27  7:30:34
